"WebID","Area","Data label","2021","2021%","Data Type",
"10","Australia","Neg/Nil Income","171276","1.8151","EN",
"10","Australia","$1 - $149","61668","0.6535","EN",
"10","Australia","$150 - $299","115437","1.2234","EN",
"10","Australia","$300 - $399","207223","2.1961","EN",
"10","Australia","$400 - $499","518476","5.4946","EN",
"10","Australia","$500 - $649","383485","4.0640","EN",
"10","Australia","$650 - $799","545104","5.7768","EN",
"10","Australia","$800 - $999","559258","5.9268","EN",
"10","Australia","$1,000 - $1,249","648258","6.8700","EN",
"10","Australia","$1,250 - $1,499","667361","7.0724","EN",
"10","Australia","$1,500 - $1,749","524756","5.5612","EN",
"10","Australia","$1,750 - $1,999","513154","5.4382","EN",
"10","Australia","$2,000 - $2,499","1058660","11.2193","EN",
"10","Australia","$2,500 - $2,999 ","667529","7.0742","EN",
"10","Australia","$3,000 - $3,499","588925","6.2412","EN",
"10","Australia","$3,500 - $3,999","366593","3.8850","EN",
"10","Australia","$4,000 - $4,499","206633","2.1898","EN",
"10","Australia","$4,500 - $4,999","383532","4.0645","EN",
"10","Australia","$5,000 - $5,999","262324","2.7800","EN",
"10","Australia","$6,000 - $7,999","229539","2.4326","EN",
"10","Australia","$8,000 or more","88070","0.9333","EN",
"10","Australia","Not stated","668834","7.0880","EN",
"10","Australia","Total households","9436095","100.0000","EN",
"20","Greater Capital Cities","Neg/Nil Income","115040","1.9084","EN",
"20","Greater Capital Cities","$1 - $149","37431","0.6209","EN",
"20","Greater Capital Cities","$150 - $299","69446","1.1520","EN",
"20","Greater Capital Cities","$300 - $399","122431","2.0310","EN",
"20","Greater Capital Cities","$400 - $499","286655","4.7553","EN",
"20","Greater Capital Cities","$500 - $649","217901","3.6147","EN",
"20","Greater Capital Cities","$650 - $799","305223","5.0633","EN",
"20","Greater Capital Cities","$800 - $999","325027","5.3918","EN",
"20","Greater Capital Cities","$1,000 - $1,249","391855","6.5004","EN",
"20","Greater Capital Cities","$1,250 - $1,499","411423","6.8250","EN",
"20","Greater Capital Cities","$1,500 - $1,749","336489","5.5820","EN",
"20","Greater Capital Cities","$1,750 - $1,999","328183","5.4442","EN",
"20","Greater Capital Cities","$2,000 - $2,499","697720","11.5744","EN",
"20","Greater Capital Cities","$2,500 - $2,999 ","445135","7.3843","EN",
"20","Greater Capital Cities","$3,000 - $3,499","404957","6.7178","EN",
"20","Greater Capital Cities","$3,500 - $3,999","258448","4.2874","EN",
"20","Greater Capital Cities","$4,000 - $4,499","149039","2.4724","EN",
"20","Greater Capital Cities","$4,500 - $4,999","283123","4.6967","EN",
"20","Greater Capital Cities","$5,000 - $5,999","200226","3.3215","EN",
"20","Greater Capital Cities","$6,000 - $7,999","181960","3.0185","EN",
"20","Greater Capital Cities","$8,000 or more","67820","1.1251","EN",
"20","Greater Capital Cities","Not stated","392606","6.5129","EN",
"20","Greater Capital Cities","Total households","6028138","100.0000","EN",
"40","New South Wales","Neg/Nil Income","57397","1.9549","EN",
"40","New South Wales","$1 - $149","19188","0.6535","EN",
"40","New South Wales","$150 - $299","35309","1.2026","EN",
"40","New South Wales","$300 - $399","64876","2.2097","EN",
"40","New South Wales","$400 - $499","158980","5.4148","EN",
"40","New South Wales","$500 - $649","114570","3.9022","EN",
"40","New South Wales","$650 - $799","164816","5.6136","EN",
"40","New South Wales","$800 - $999","165541","5.6383","EN",
"40","New South Wales","$1,000 - $1,249","192927","6.5710","EN",
"40","New South Wales","$1,250 - $1,499","198690","6.7673","EN",
"40","New South Wales","$1,500 - $1,749","155301","5.2895","EN",
"40","New South Wales","$1,750 - $1,999","154086","5.2481","EN",
"40","New South Wales","$2,000 - $2,499","323980","11.0347","EN",
"40","New South Wales","$2,500 - $2,999 ","204526","6.9661","EN",
"40","New South Wales","$3,000 - $3,499","187350","6.3811","EN",
"40","New South Wales","$3,500 - $3,999","119928","4.0847","EN",
"40","New South Wales","$4,000 - $4,499","70488","2.4008","EN",
"40","New South Wales","$4,500 - $4,999","135637","4.6198","EN",
"40","New South Wales","$5,000 - $5,999","95563","3.2549","EN",
"40","New South Wales","$6,000 - $7,999","91595","3.1197","EN",
"40","New South Wales","$8,000 or more","36726","1.2509","EN",
"40","New South Wales","Not stated","188543","6.4217","EN",
"40","New South Wales","Total households","2936017","100.0000","EN",
"41","Victoria","Neg/Nil Income","49517","2.0503","EN",
"41","Victoria","$1 - $149","16867","0.6984","EN",
"41","Victoria","$150 - $299","29840","1.2355","EN",
"41","Victoria","$300 - $399","51711","2.1411","EN",
"41","Victoria","$400 - $499","129296","5.3535","EN",
"41","Victoria","$500 - $649","94167","3.8990","EN",
"41","Victoria","$650 - $799","135619","5.6153","EN",
"41","Victoria","$800 - $999","142385","5.8955","EN",
"41","Victoria","$1,000 - $1,249","166374","6.8888","EN",
"41","Victoria","$1,250 - $1,499","173051","7.1652","EN",
"41","Victoria","$1,500 - $1,749","138817","5.7478","EN",
"41","Victoria","$1,750 - $1,999","134590","5.5727","EN",
"41","Victoria","$2,000 - $2,499","276914","11.4657","EN",
"41","Victoria","$2,500 - $2,999 ","176169","7.2943","EN",
"41","Victoria","$3,000 - $3,499","153485","6.3551","EN",
"41","Victoria","$3,500 - $3,999","94801","3.9253","EN",
"41","Victoria","$4,000 - $4,499","52959","2.1928","EN",
"41","Victoria","$4,500 - $4,999","97896","4.0534","EN",
"41","Victoria","$5,000 - $5,999","67524","2.7959","EN",
"41","Victoria","$6,000 - $7,999","58424","2.4191","EN",
"41","Victoria","$8,000 or more","21907","0.9071","EN",
"41","Victoria","Not stated","152837","6.3283","EN",
"41","Victoria","Total households","2415150","100.0000","EN",
"42","Queensland","Neg/Nil Income","31721","1.6556","EN",
"42","Queensland","$1 - $149","12116","0.6324","EN",
"42","Queensland","$150 - $299","21891","1.1425","EN",
"42","Queensland","$300 - $399","39978","2.0865","EN",
"42","Queensland","$400 - $499","103477","5.4007","EN",
"42","Queensland","$500 - $649","82848","4.3240","EN",
"42","Queensland","$650 - $799","117202","6.1171","EN",
"42","Queensland","$800 - $999","120830","6.3064","EN",
"42","Queensland","$1,000 - $1,249","138457","7.2264","EN",
"42","Queensland","$1,250 - $1,499","142170","7.4202","EN",
"42","Queensland","$1,500 - $1,749","109340","5.7067","EN",
"42","Queensland","$1,750 - $1,999","107328","5.6017","EN",
"42","Queensland","$2,000 - $2,499","217365","11.3448","EN",
"42","Queensland","$2,500 - $2,999 ","137102","7.1557","EN",
"42","Queensland","$3,000 - $3,499","115395","6.0227","EN",
"42","Queensland","$3,500 - $3,999","70662","3.6880","EN",
"42","Queensland","$4,000 - $4,499","38742","2.0220","EN",
"42","Queensland","$4,500 - $4,999","66855","3.4893","EN",
"42","Queensland","$5,000 - $5,999","44657","2.3308","EN",
"42","Queensland","$6,000 - $7,999","34999","1.8267","EN",
"42","Queensland","$8,000 or more","13324","0.6954","EN",
"42","Queensland","Not stated","149527","7.8042","EN",
"42","Queensland","Total households","1915986","100.0000","EN",
"43","South Australia","Neg/Nil Income","10714","1.5260","EN",
"43","South Australia","$1 - $149","4609","0.6564","EN",
"43","South Australia","$150 - $299","10126","1.4422","EN",
"43","South Australia","$300 - $399","18877","2.6886","EN",
"43","South Australia","$400 - $499","49418","7.0385","EN",
"43","South Australia","$500 - $649","34940","4.9764","EN",
"43","South Australia","$650 - $799","48572","6.9180","EN",
"43","South Australia","$800 - $999","49939","7.1127","EN",
"43","South Australia","$1,000 - $1,249","55187","7.8602","EN",
"43","South Australia","$1,250 - $1,499","54903","7.8197","EN",
"43","South Australia","$1,500 - $1,749","40478","5.7652","EN",
"43","South Australia","$1,750 - $1,999","38527","5.4873","EN",
"43","South Australia","$2,000 - $2,499","74992","10.6809","EN",
"43","South Australia","$2,500 - $2,999 ","47422","6.7542","EN",
"43","South Australia","$3,000 - $3,499","37297","5.3121","EN",
"43","South Australia","$3,500 - $3,999","22041","3.1393","EN",
"43","South Australia","$4,000 - $4,499","11767","1.6759","EN",
"43","South Australia","$4,500 - $4,999","18492","2.6338","EN",
"43","South Australia","$5,000 - $5,999","12368","1.7615","EN",
"43","South Australia","$6,000 - $7,999","9625","1.3709","EN",
"43","South Australia","$8,000 or more","3857","0.5493","EN",
"43","South Australia","Not stated","47959","6.8307","EN",
"43","South Australia","Total households","702110","100.0000","EN",
"44","Western Australia","Neg/Nil Income","16301","1.6423","EN",
"44","Western Australia","$1 - $149","6327","0.6374","EN",
"44","Western Australia","$150 - $299","12748","1.2843","EN",
"44","Western Australia","$300 - $399","21667","2.1829","EN",
"44","Western Australia","$400 - $499","51459","5.1844","EN",
"44","Western Australia","$500 - $649","38783","3.9073","EN",
"44","Western Australia","$650 - $799","53064","5.3461","EN",
"44","Western Australia","$800 - $999","54007","5.4411","EN",
"44","Western Australia","$1,000 - $1,249","64169","6.4649","EN",
"44","Western Australia","$1,250 - $1,499","65357","6.5846","EN",
"44","Western Australia","$1,500 - $1,749","53172","5.3570","EN",
"44","Western Australia","$1,750 - $1,999","52202","5.2592","EN",
"44","Western Australia","$2,000 - $2,499","110177","11.1001","EN",
"44","Western Australia","$2,500 - $2,999 ","69027","6.9543","EN",
"44","Western Australia","$3,000 - $3,499","64955","6.5441","EN",
"44","Western Australia","$3,500 - $3,999","38693","3.8982","EN",
"44","Western Australia","$4,000 - $4,499","20979","2.1136","EN",
"44","Western Australia","$4,500 - $4,999","43686","4.4013","EN",
"44","Western Australia","$5,000 - $5,999","29351","2.9570","EN",
"44","Western Australia","$6,000 - $7,999","22653","2.2822","EN",
"44","Western Australia","$8,000 or more","8180","0.8241","EN",
"44","Western Australia","Not stated","95621","9.6336","EN",
"44","Western Australia","Total households","992578","100.0000","EN",
"45","Tasmania","Neg/Nil Income","2973","1.3390","EN",
"45","Tasmania","$1 - $149","1396","0.6287","EN",
"45","Tasmania","$150 - $299","3164","1.4250","EN",
"45","Tasmania","$300 - $399","6229","2.8055","EN",
"45","Tasmania","$400 - $499","17758","7.9980","EN",
"45","Tasmania","$500 - $649","12148","5.4713","EN",
"45","Tasmania","$650 - $799","17231","7.7606","EN",
"45","Tasmania","$800 - $999","16556","7.4566","EN",
"45","Tasmania","$1,000 - $1,249","17895","8.0597","EN",
"45","Tasmania","$1,250 - $1,499","17659","7.9534","EN",
"45","Tasmania","$1,500 - $1,749","13064","5.8839","EN",
"45","Tasmania","$1,750 - $1,999","12112","5.4551","EN",
"45","Tasmania","$2,000 - $2,499","22729","10.2369","EN",
"45","Tasmania","$2,500 - $2,999 ","14042","6.3243","EN",
"45","Tasmania","$3,000 - $3,499","10598","4.7732","EN",
"45","Tasmania","$3,500 - $3,999","6200","2.7924","EN",
"45","Tasmania","$4,000 - $4,499","3239","1.4588","EN",
"45","Tasmania","$4,500 - $4,999","4878","2.1970","EN",
"45","Tasmania","$5,000 - $5,999","3010","1.3557","EN",
"45","Tasmania","$6,000 - $7,999","2137","0.9625","EN",
"45","Tasmania","$8,000 or more","982","0.4423","EN",
"45","Tasmania","Not stated","16031","7.2202","EN",
"45","Tasmania","Total households","222031","100.0000","EN",
"46","Northern Territory","Neg/Nil Income","1030","1.2799","EN",
"46","Northern Territory","$1 - $149","507","0.6300","EN",
"46","Northern Territory","$150 - $299","1099","1.3657","EN",
"46","Northern Territory","$300 - $399","1593","1.9796","EN",
"46","Northern Territory","$400 - $499","2903","3.6075","EN",
"46","Northern Territory","$500 - $649","2100","2.6096","EN",
"46","Northern Territory","$650 - $799","3249","4.0374","EN",
"46","Northern Territory","$800 - $999","3776","4.6923","EN",
"46","Northern Territory","$1,000 - $1,249","4908","6.0990","EN",
"46","Northern Territory","$1,250 - $1,499","5280","6.5613","EN",
"46","Northern Territory","$1,500 - $1,749","4512","5.6069","EN",
"46","Northern Territory","$1,750 - $1,999","4494","5.5846","EN",
"46","Northern Territory","$2,000 - $2,499","9869","12.2639","EN",
"46","Northern Territory","$2,500 - $2,999 ","5994","7.4486","EN",
"46","Northern Territory","$3,000 - $3,499","5668","7.0434","EN",
"46","Northern Territory","$3,500 - $3,999","3777","4.6936","EN",
"46","Northern Territory","$4,000 - $4,499","2102","2.6121","EN",
"46","Northern Territory","$4,500 - $4,999","3577","4.4450","EN",
"46","Northern Territory","$5,000 - $5,999","2164","2.6891","EN",
"46","Northern Territory","$6,000 - $7,999","1845","2.2927","EN",
"46","Northern Territory","$8,000 or more","578","0.7183","EN",
"46","Northern Territory","Not stated","9447","11.7395","EN",
"46","Northern Territory","Total households","80472","100.0000","EN",
"47","Australian Capital Territory","Neg/Nil Income","1594","0.9370","EN",
"47","Australian Capital Territory","$1 - $149","635","0.3733","EN",
"47","Australian Capital Territory","$150 - $299","1242","0.7301","EN",
"47","Australian Capital Territory","$300 - $399","2249","1.3220","EN",
"47","Australian Capital Territory","$400 - $499","5086","2.9896","EN",
"47","Australian Capital Territory","$500 - $649","3862","2.2701","EN",
"47","Australian Capital Territory","$650 - $799","5247","3.0842","EN",
"47","Australian Capital Territory","$800 - $999","6117","3.5956","EN",
"47","Australian Capital Territory","$1,000 - $1,249","8218","4.8306","EN",
"47","Australian Capital Territory","$1,250 - $1,499","10129","5.9539","EN",
"47","Australian Capital Territory","$1,500 - $1,749","9976","5.8639","EN",
"47","Australian Capital Territory","$1,750 - $1,999","9706","5.7052","EN",
"47","Australian Capital Territory","$2,000 - $2,499","22468","13.2068","EN",
"47","Australian Capital Territory","$2,500 - $2,999 ","13149","7.7290","EN",
"47","Australian Capital Territory","$3,000 - $3,499","14082","8.2774","EN",
"47","Australian Capital Territory","$3,500 - $3,999","10431","6.1314","EN",
"47","Australian Capital Territory","$4,000 - $4,499","6336","3.7243","EN",
"47","Australian Capital Territory","$4,500 - $4,999","12465","7.3270","EN",
"47","Australian Capital Territory","$5,000 - $5,999","7667","4.5067","EN",
"47","Australian Capital Territory","$6,000 - $7,999","8244","4.8458","EN",
"47","Australian Capital Territory","$8,000 or more","2511","1.4760","EN",
"47","Australian Capital Territory","Not stated","8711","5.1204","EN",
"47","Australian Capital Territory","Total households","170125","100.0000","EN",
"48","Regional Australia","Neg/Nil Income","54594","1.6870","EN",
"48","Regional Australia","$1 - $149","23576","0.7285","EN",
"48","Regional Australia","$150 - $299","44730","1.3822","EN",
"48","Regional Australia","$300 - $399","82505","2.5494","EN",
"48","Regional Australia","$400 - $499","226629","7.0029","EN",
"48","Regional Australia","$500 - $649","161647","4.9949","EN",
"48","Regional Australia","$650 - $799","234546","7.2475","EN",
"48","Regional Australia","$800 - $999","228013","7.0457","EN",
"48","Regional Australia","$1,000 - $1,249","248058","7.6651","EN",
"48","Regional Australia","$1,250 - $1,499","245690","7.5919","EN",
"48","Regional Australia","$1,500 - $1,749","178195","5.5063","EN",
"48","Regional Australia","$1,750 - $1,999","175154","5.4123","EN",
"48","Regional Australia","$2,000 - $2,499","338299","10.4535","EN",
"48","Regional Australia","$2,500 - $2,999 ","209149","6.4628","EN",
"48","Regional Australia","$3,000 - $3,499","169770","5.2459","EN",
"48","Regional Australia","$3,500 - $3,999","97651","3.0174","EN",
"48","Regional Australia","$4,000 - $4,499","51249","1.5836","EN",
"48","Regional Australia","$4,500 - $4,999","87894","2.7159","EN",
"48","Regional Australia","$5,000 - $5,999","54418","1.6815","EN",
"48","Regional Australia","$6,000 - $7,999","39334","1.2154","EN",
"48","Regional Australia","$8,000 or more","17740","0.5482","EN",
"48","Regional Australia","Not stated","267377","8.2620","EN",
"48","Regional Australia","Total households","3236218","100.0000","EN",
"50","Australia","Neg/Nil Income","171276","1.8151","EN",
"50","Australia","$1 - $149","61668","0.6535","EN",
"50","Australia","$150 - $299","115437","1.2234","EN",
"50","Australia","$300 - $399","207223","2.1961","EN",
"50","Australia","$400 - $499","518476","5.4946","EN",
"50","Australia","$500 - $649","383485","4.0640","EN",
"50","Australia","$650 - $799","545104","5.7768","EN",
"50","Australia","$800 - $999","559258","5.9268","EN",
"50","Australia","$1,000 - $1,249","648258","6.8700","EN",
"50","Australia","$1,250 - $1,499","667361","7.0724","EN",
"50","Australia","$1,500 - $1,749","524756","5.5612","EN",
"50","Australia","$1,750 - $1,999","513154","5.4382","EN",
"50","Australia","$2,000 - $2,499","1058660","11.2193","EN",
"50","Australia","$2,500 - $2,999 ","667529","7.0742","EN",
"50","Australia","$3,000 - $3,499","588925","6.2412","EN",
"50","Australia","$3,500 - $3,999","366593","3.8850","EN",
"50","Australia","$4,000 - $4,499","206633","2.1898","EN",
"50","Australia","$4,500 - $4,999","383532","4.0645","EN",
"50","Australia","$5,000 - $5,999","262324","2.7800","EN",
"50","Australia","$6,000 - $7,999","229539","2.4326","EN",
"50","Australia","$8,000 or more","88070","0.9333","EN",
"50","Australia","Not stated","668834","7.0880","EN",
"50","Australia","Total households","9436095","100.0000","EN",
"100","New South Wales","Neg/Nil Income","57397","1.9549","EN",
"100","New South Wales","$1 - $149","19188","0.6535","EN",
"100","New South Wales","$150 - $299","35309","1.2026","EN",
"100","New South Wales","$300 - $399","64876","2.2097","EN",
"100","New South Wales","$400 - $499","158980","5.4148","EN",
"100","New South Wales","$500 - $649","114570","3.9022","EN",
"100","New South Wales","$650 - $799","164816","5.6136","EN",
"100","New South Wales","$800 - $999","165541","5.6383","EN",
"100","New South Wales","$1,000 - $1,249","192927","6.5710","EN",
"100","New South Wales","$1,250 - $1,499","198690","6.7673","EN",
"100","New South Wales","$1,500 - $1,749","155301","5.2895","EN",
"100","New South Wales","$1,750 - $1,999","154086","5.2481","EN",
"100","New South Wales","$2,000 - $2,499","323980","11.0347","EN",
"100","New South Wales","$2,500 - $2,999 ","204526","6.9661","EN",
"100","New South Wales","$3,000 - $3,499","187350","6.3811","EN",
"100","New South Wales","$3,500 - $3,999","119928","4.0847","EN",
"100","New South Wales","$4,000 - $4,499","70488","2.4008","EN",
"100","New South Wales","$4,500 - $4,999","135637","4.6198","EN",
"100","New South Wales","$5,000 - $5,999","95563","3.2549","EN",
"100","New South Wales","$6,000 - $7,999","91595","3.1197","EN",
"100","New South Wales","$8,000 or more","36726","1.2509","EN",
"100","New South Wales","Not stated","188543","6.4217","EN",
"100","New South Wales","Total households","2936017","100.0000","EN",
"110","Victoria","Neg/Nil Income","49517","2.0503","EN",
"110","Victoria","$1 - $149","16867","0.6984","EN",
"110","Victoria","$150 - $299","29840","1.2355","EN",
"110","Victoria","$300 - $399","51711","2.1411","EN",
"110","Victoria","$400 - $499","129296","5.3535","EN",
"110","Victoria","$500 - $649","94167","3.8990","EN",
"110","Victoria","$650 - $799","135619","5.6153","EN",
"110","Victoria","$800 - $999","142385","5.8955","EN",
"110","Victoria","$1,000 - $1,249","166374","6.8888","EN",
"110","Victoria","$1,250 - $1,499","173051","7.1652","EN",
"110","Victoria","$1,500 - $1,749","138817","5.7478","EN",
"110","Victoria","$1,750 - $1,999","134590","5.5727","EN",
"110","Victoria","$2,000 - $2,499","276914","11.4657","EN",
"110","Victoria","$2,500 - $2,999 ","176169","7.2943","EN",
"110","Victoria","$3,000 - $3,499","153485","6.3551","EN",
"110","Victoria","$3,500 - $3,999","94801","3.9253","EN",
"110","Victoria","$4,000 - $4,499","52959","2.1928","EN",
"110","Victoria","$4,500 - $4,999","97896","4.0534","EN",
"110","Victoria","$5,000 - $5,999","67524","2.7959","EN",
"110","Victoria","$6,000 - $7,999","58424","2.4191","EN",
"110","Victoria","$8,000 or more","21907","0.9071","EN",
"110","Victoria","Not stated","152837","6.3283","EN",
"110","Victoria","Total households","2415150","100.0000","EN",
"120","Queensland","Neg/Nil Income","31721","1.6556","EN",
"120","Queensland","$1 - $149","12116","0.6324","EN",
"120","Queensland","$150 - $299","21891","1.1425","EN",
"120","Queensland","$300 - $399","39978","2.0865","EN",
"120","Queensland","$400 - $499","103477","5.4007","EN",
"120","Queensland","$500 - $649","82848","4.3240","EN",
"120","Queensland","$650 - $799","117202","6.1171","EN",
"120","Queensland","$800 - $999","120830","6.3064","EN",
"120","Queensland","$1,000 - $1,249","138457","7.2264","EN",
"120","Queensland","$1,250 - $1,499","142170","7.4202","EN",
"120","Queensland","$1,500 - $1,749","109340","5.7067","EN",
"120","Queensland","$1,750 - $1,999","107328","5.6017","EN",
"120","Queensland","$2,000 - $2,499","217365","11.3448","EN",
"120","Queensland","$2,500 - $2,999 ","137102","7.1557","EN",
"120","Queensland","$3,000 - $3,499","115395","6.0227","EN",
"120","Queensland","$3,500 - $3,999","70662","3.6880","EN",
"120","Queensland","$4,000 - $4,499","38742","2.0220","EN",
"120","Queensland","$4,500 - $4,999","66855","3.4893","EN",
"120","Queensland","$5,000 - $5,999","44657","2.3308","EN",
"120","Queensland","$6,000 - $7,999","34999","1.8267","EN",
"120","Queensland","$8,000 or more","13324","0.6954","EN",
"120","Queensland","Not stated","149527","7.8042","EN",
"120","Queensland","Total households","1915986","100.0000","EN",
"130","South Australia","Neg/Nil Income","10714","1.5260","EN",
"130","South Australia","$1 - $149","4609","0.6564","EN",
"130","South Australia","$150 - $299","10126","1.4422","EN",
"130","South Australia","$300 - $399","18877","2.6886","EN",
"130","South Australia","$400 - $499","49418","7.0385","EN",
"130","South Australia","$500 - $649","34940","4.9764","EN",
"130","South Australia","$650 - $799","48572","6.9180","EN",
"130","South Australia","$800 - $999","49939","7.1127","EN",
"130","South Australia","$1,000 - $1,249","55187","7.8602","EN",
"130","South Australia","$1,250 - $1,499","54903","7.8197","EN",
"130","South Australia","$1,500 - $1,749","40478","5.7652","EN",
"130","South Australia","$1,750 - $1,999","38527","5.4873","EN",
"130","South Australia","$2,000 - $2,499","74992","10.6809","EN",
"130","South Australia","$2,500 - $2,999 ","47422","6.7542","EN",
"130","South Australia","$3,000 - $3,499","37297","5.3121","EN",
"130","South Australia","$3,500 - $3,999","22041","3.1393","EN",
"130","South Australia","$4,000 - $4,499","11767","1.6759","EN",
"130","South Australia","$4,500 - $4,999","18492","2.6338","EN",
"130","South Australia","$5,000 - $5,999","12368","1.7615","EN",
"130","South Australia","$6,000 - $7,999","9625","1.3709","EN",
"130","South Australia","$8,000 or more","3857","0.5493","EN",
"130","South Australia","Not stated","47959","6.8307","EN",
"130","South Australia","Total households","702110","100.0000","EN",
"140","Western Australia","Neg/Nil Income","16301","1.6423","EN",
"140","Western Australia","$1 - $149","6327","0.6374","EN",
"140","Western Australia","$150 - $299","12748","1.2843","EN",
"140","Western Australia","$300 - $399","21667","2.1829","EN",
"140","Western Australia","$400 - $499","51459","5.1844","EN",
"140","Western Australia","$500 - $649","38783","3.9073","EN",
"140","Western Australia","$650 - $799","53064","5.3461","EN",
"140","Western Australia","$800 - $999","54007","5.4411","EN",
"140","Western Australia","$1,000 - $1,249","64169","6.4649","EN",
"140","Western Australia","$1,250 - $1,499","65357","6.5846","EN",
"140","Western Australia","$1,500 - $1,749","53172","5.3570","EN",
"140","Western Australia","$1,750 - $1,999","52202","5.2592","EN",
"140","Western Australia","$2,000 - $2,499","110177","11.1001","EN",
"140","Western Australia","$2,500 - $2,999 ","69027","6.9543","EN",
"140","Western Australia","$3,000 - $3,499","64955","6.5441","EN",
"140","Western Australia","$3,500 - $3,999","38693","3.8982","EN",
"140","Western Australia","$4,000 - $4,499","20979","2.1136","EN",
"140","Western Australia","$4,500 - $4,999","43686","4.4013","EN",
"140","Western Australia","$5,000 - $5,999","29351","2.9570","EN",
"140","Western Australia","$6,000 - $7,999","22653","2.2822","EN",
"140","Western Australia","$8,000 or more","8180","0.8241","EN",
"140","Western Australia","Not stated","95621","9.6336","EN",
"140","Western Australia","Total households","992578","100.0000","EN",
"150","Tasmania","Neg/Nil Income","2973","1.3390","EN",
"150","Tasmania","$1 - $149","1396","0.6287","EN",
"150","Tasmania","$150 - $299","3164","1.4250","EN",
"150","Tasmania","$300 - $399","6229","2.8055","EN",
"150","Tasmania","$400 - $499","17758","7.9980","EN",
"150","Tasmania","$500 - $649","12148","5.4713","EN",
"150","Tasmania","$650 - $799","17231","7.7606","EN",
"150","Tasmania","$800 - $999","16556","7.4566","EN",
"150","Tasmania","$1,000 - $1,249","17895","8.0597","EN",
"150","Tasmania","$1,250 - $1,499","17659","7.9534","EN",
"150","Tasmania","$1,500 - $1,749","13064","5.8839","EN",
"150","Tasmania","$1,750 - $1,999","12112","5.4551","EN",
"150","Tasmania","$2,000 - $2,499","22729","10.2369","EN",
"150","Tasmania","$2,500 - $2,999 ","14042","6.3243","EN",
"150","Tasmania","$3,000 - $3,499","10598","4.7732","EN",
"150","Tasmania","$3,500 - $3,999","6200","2.7924","EN",
"150","Tasmania","$4,000 - $4,499","3239","1.4588","EN",
"150","Tasmania","$4,500 - $4,999","4878","2.1970","EN",
"150","Tasmania","$5,000 - $5,999","3010","1.3557","EN",
"150","Tasmania","$6,000 - $7,999","2137","0.9625","EN",
"150","Tasmania","$8,000 or more","982","0.4423","EN",
"150","Tasmania","Not stated","16031","7.2202","EN",
"150","Tasmania","Total households","222031","100.0000","EN",
"160","Northern Territory","Neg/Nil Income","1030","1.2799","EN",
"160","Northern Territory","$1 - $149","507","0.6300","EN",
"160","Northern Territory","$150 - $299","1099","1.3657","EN",
"160","Northern Territory","$300 - $399","1593","1.9796","EN",
"160","Northern Territory","$400 - $499","2903","3.6075","EN",
"160","Northern Territory","$500 - $649","2100","2.6096","EN",
"160","Northern Territory","$650 - $799","3249","4.0374","EN",
"160","Northern Territory","$800 - $999","3776","4.6923","EN",
"160","Northern Territory","$1,000 - $1,249","4908","6.0990","EN",
"160","Northern Territory","$1,250 - $1,499","5280","6.5613","EN",
"160","Northern Territory","$1,500 - $1,749","4512","5.6069","EN",
"160","Northern Territory","$1,750 - $1,999","4494","5.5846","EN",
"160","Northern Territory","$2,000 - $2,499","9869","12.2639","EN",
"160","Northern Territory","$2,500 - $2,999 ","5994","7.4486","EN",
"160","Northern Territory","$3,000 - $3,499","5668","7.0434","EN",
"160","Northern Territory","$3,500 - $3,999","3777","4.6936","EN",
"160","Northern Territory","$4,000 - $4,499","2102","2.6121","EN",
"160","Northern Territory","$4,500 - $4,999","3577","4.4450","EN",
"160","Northern Territory","$5,000 - $5,999","2164","2.6891","EN",
"160","Northern Territory","$6,000 - $7,999","1845","2.2927","EN",
"160","Northern Territory","$8,000 or more","578","0.7183","EN",
"160","Northern Territory","Not stated","9447","11.7395","EN",
"160","Northern Territory","Total households","80472","100.0000","EN",
"170","Australian Capital Territory","Neg/Nil Income","1594","0.9370","EN",
"170","Australian Capital Territory","$1 - $149","635","0.3733","EN",
"170","Australian Capital Territory","$150 - $299","1242","0.7301","EN",
"170","Australian Capital Territory","$300 - $399","2249","1.3220","EN",
"170","Australian Capital Territory","$400 - $499","5086","2.9896","EN",
"170","Australian Capital Territory","$500 - $649","3862","2.2701","EN",
"170","Australian Capital Territory","$650 - $799","5247","3.0842","EN",
"170","Australian Capital Territory","$800 - $999","6117","3.5956","EN",
"170","Australian Capital Territory","$1,000 - $1,249","8218","4.8306","EN",
"170","Australian Capital Territory","$1,250 - $1,499","10129","5.9539","EN",
"170","Australian Capital Territory","$1,500 - $1,749","9976","5.8639","EN",
"170","Australian Capital Territory","$1,750 - $1,999","9706","5.7052","EN",
"170","Australian Capital Territory","$2,000 - $2,499","22468","13.2068","EN",
"170","Australian Capital Territory","$2,500 - $2,999 ","13149","7.7290","EN",
"170","Australian Capital Territory","$3,000 - $3,499","14082","8.2774","EN",
"170","Australian Capital Territory","$3,500 - $3,999","10431","6.1314","EN",
"170","Australian Capital Territory","$4,000 - $4,499","6336","3.7243","EN",
"170","Australian Capital Territory","$4,500 - $4,999","12465","7.3270","EN",
"170","Australian Capital Territory","$5,000 - $5,999","7667","4.5067","EN",
"170","Australian Capital Territory","$6,000 - $7,999","8244","4.8458","EN",
"170","Australian Capital Territory","$8,000 or more","2511","1.4760","EN",
"170","Australian Capital Territory","Not stated","8711","5.1204","EN",
"170","Australian Capital Territory","Total households","170125","100.0000","EN",
"180","Regional NSW","Neg/Nil Income","18392","1.6799","EN",
"180","Regional NSW","$1 - $149","7928","0.7241","EN",
"180","Regional NSW","$150 - $299","15023","1.3722","EN",
"180","Regional NSW","$300 - $399","28300","2.5849","EN",
"180","Regional NSW","$400 - $499","79613","7.2717","EN",
"180","Regional NSW","$500 - $649","56126","5.1265","EN",
"180","Regional NSW","$650 - $799","79699","7.2796","EN",
"180","Regional NSW","$800 - $999","76840","7.0184","EN",
"180","Regional NSW","$1,000 - $1,249","83823","7.6563","EN",
"180","Regional NSW","$1,250 - $1,499","82570","7.5418","EN",
"180","Regional NSW","$1,500 - $1,749","59252","5.4120","EN",
"180","Regional NSW","$1,750 - $1,999","58291","5.3242","EN",
"180","Regional NSW","$2,000 - $2,499","113247","10.3438","EN",
"180","Regional NSW","$2,500 - $2,999 ","71472","6.5281","EN",
"180","Regional NSW","$3,000 - $3,499","58329","5.3277","EN",
"180","Regional NSW","$3,500 - $3,999","34728","3.1720","EN",
"180","Regional NSW","$4,000 - $4,499","18547","1.6941","EN",
"180","Regional NSW","$4,500 - $4,999","30229","2.7611","EN",
"180","Regional NSW","$5,000 - $5,999","19906","1.8182","EN",
"180","Regional NSW","$6,000 - $7,999","14946","1.3651","EN",
"180","Regional NSW","$8,000 or more","6286","0.5742","EN",
"180","Regional NSW","Not stated","81283","7.4243","EN",
"180","Regional NSW","Total households","1094830","100.0000","EN",
"190","Regional VIC","Neg/Nil Income","10464","1.6869","EN",
"190","Regional VIC","$1 - $149","4629","0.7463","EN",
"190","Regional VIC","$150 - $299","8673","1.3982","EN",
"190","Regional VIC","$300 - $399","16681","2.6892","EN",
"190","Regional VIC","$400 - $499","46545","7.5037","EN",
"190","Regional VIC","$500 - $649","32573","5.2512","EN",
"190","Regional VIC","$650 - $799","46096","7.4313","EN",
"190","Regional VIC","$800 - $999","45852","7.3920","EN",
"190","Regional VIC","$1,000 - $1,249","49115","7.9180","EN",
"190","Regional VIC","$1,250 - $1,499","48052","7.7467","EN",
"190","Regional VIC","$1,500 - $1,749","34954","5.6351","EN",
"190","Regional VIC","$1,750 - $1,999","34055","5.4902","EN",
"190","Regional VIC","$2,000 - $2,499","64514","10.4006","EN",
"190","Regional VIC","$2,500 - $2,999 ","40024","6.4524","EN",
"190","Regional VIC","$3,000 - $3,499","31189","5.0281","EN",
"190","Regional VIC","$3,500 - $3,999","17540","2.8277","EN",
"190","Regional VIC","$4,000 - $4,499","9005","1.4517","EN",
"190","Regional VIC","$4,500 - $4,999","15410","2.4843","EN",
"190","Regional VIC","$5,000 - $5,999","9363","1.5095","EN",
"190","Regional VIC","$6,000 - $7,999","6646","1.0714","EN",
"190","Regional VIC","$8,000 or more","3212","0.5178","EN",
"190","Regional VIC","Not stated","45700","7.3675","EN",
"190","Regional VIC","Total households","620292","100.0000","EN",
"200","Regional QLD","Neg/Nil Income","17581","1.7635","EN",
"200","Regional QLD","$1 - $149","7014","0.7035","EN",
"200","Regional QLD","$150 - $299","12451","1.2489","EN",
"200","Regional QLD","$300 - $399","22745","2.2815","EN",
"200","Regional QLD","$400 - $499","60830","6.1016","EN",
"200","Regional QLD","$500 - $649","46773","4.6916","EN",
"200","Regional QLD","$650 - $799","68551","6.8761","EN",
"200","Regional QLD","$800 - $999","67745","6.7952","EN",
"200","Regional QLD","$1,000 - $1,249","75039","7.5268","EN",
"200","Regional QLD","$1,250 - $1,499","75887","7.6119","EN",
"200","Regional QLD","$1,500 - $1,749","55824","5.5995","EN",
"200","Regional QLD","$1,750 - $1,999","55267","5.5436","EN",
"200","Regional QLD","$2,000 - $2,499","107987","10.8317","EN",
"200","Regional QLD","$2,500 - $2,999 ","66931","6.7136","EN",
"200","Regional QLD","$3,000 - $3,499","54442","5.4608","EN",
"200","Regional QLD","$3,500 - $3,999","31482","3.1578","EN",
"200","Regional QLD","$4,000 - $4,499","16763","1.6814","EN",
"200","Regional QLD","$4,500 - $4,999","28720","2.8808","EN",
"200","Regional QLD","$5,000 - $5,999","17701","1.7755","EN",
"200","Regional QLD","$6,000 - $7,999","12414","1.2452","EN",
"200","Regional QLD","$8,000 or more","5544","0.5561","EN",
"200","Regional QLD","Not stated","89261","8.9534","EN",
"200","Regional QLD","Total households","996952","100.0000","EN",
"210","Regional SA","Neg/Nil Income","2624","1.6200","EN",
"210","Regional SA","$1 - $149","1280","0.7902","EN",
"210","Regional SA","$150 - $299","2777","1.7144","EN",
"210","Regional SA","$300 - $399","5161","3.1863","EN",
"210","Regional SA","$400 - $499","14576","8.9988","EN",
"210","Regional SA","$500 - $649","9267","5.7212","EN",
"210","Regional SA","$650 - $799","14388","8.8827","EN",
"210","Regional SA","$800 - $999","13267","8.1907","EN",
"210","Regional SA","$1,000 - $1,249","13365","8.2512","EN",
"210","Regional SA","$1,250 - $1,499","13171","8.1314","EN",
"210","Regional SA","$1,500 - $1,749","8726","5.3872","EN",
"210","Regional SA","$1,750 - $1,999","8433","5.2063","EN",
"210","Regional SA","$2,000 - $2,499","14988","9.2532","EN",
"210","Regional SA","$2,500 - $2,999 ","8609","5.3150","EN",
"210","Regional SA","$3,000 - $3,499","6408","3.9561","EN",
"210","Regional SA","$3,500 - $3,999","3295","2.0342","EN",
"210","Regional SA","$4,000 - $4,499","1630","1.0063","EN",
"210","Regional SA","$4,500 - $4,999","2796","1.7262","EN",
"210","Regional SA","$5,000 - $5,999","1457","0.8995","EN",
"210","Regional SA","$6,000 - $7,999","1026","0.6334","EN",
"210","Regional SA","$8,000 or more","688","0.4248","EN",
"210","Regional SA","Not stated","14045","8.6710","EN",
"210","Regional SA","Total households","161977","100.0000","EN",
"220","Regional WA","Neg/Nil Income","3372","1.6355","EN",
"220","Regional WA","$1 - $149","1496","0.7256","EN",
"220","Regional WA","$150 - $299","3178","1.5414","EN",
"220","Regional WA","$300 - $399","5040","2.4445","EN",
"220","Regional WA","$400 - $499","12388","6.0085","EN",
"220","Regional WA","$500 - $649","8597","4.1698","EN",
"220","Regional WA","$650 - $799","13124","6.3655","EN",
"220","Regional WA","$800 - $999","12401","6.0148","EN",
"220","Regional WA","$1,000 - $1,249","14136","6.8563","EN",
"220","Regional WA","$1,250 - $1,499","13765","6.6764","EN",
"220","Regional WA","$1,500 - $1,749","10508","5.0966","EN",
"220","Regional WA","$1,750 - $1,999","10812","5.2441","EN",
"220","Regional WA","$2,000 - $2,499","22126","10.7317","EN",
"220","Regional WA","$2,500 - $2,999 ","13010","6.3102","EN",
"220","Regional WA","$3,000 - $3,499","12376","6.0027","EN",
"220","Regional WA","$3,500 - $3,999","6729","3.2637","EN",
"220","Regional WA","$4,000 - $4,499","3404","1.6510","EN",
"220","Regional WA","$4,500 - $4,999","7500","3.6377","EN",
"220","Regional WA","$5,000 - $5,999","4179","2.0269","EN",
"220","Regional WA","$6,000 - $7,999","3022","1.4657","EN",
"220","Regional WA","$8,000 or more","1355","0.6572","EN",
"220","Regional WA","Not stated","23657","11.4742","EN",
"220","Regional WA","Total households","206175","100.0000","EN",
"230","Regional TAS","Neg/Nil Income","1758","1.3960","EN",
"230","Regional TAS","$1 - $149","910","0.7226","EN",
"230","Regional TAS","$150 - $299","1987","1.5778","EN",
"230","Regional TAS","$300 - $399","3986","3.1652","EN",
"230","Regional TAS","$400 - $499","11332","8.9985","EN",
"230","Regional TAS","$500 - $649","7407","5.8817","EN",
"230","Regional TAS","$650 - $799","11117","8.8278","EN",
"230","Regional TAS","$800 - $999","10167","8.0734","EN",
"230","Regional TAS","$1,000 - $1,249","10404","8.2616","EN",
"230","Regional TAS","$1,250 - $1,499","10049","7.9797","EN",
"230","Regional TAS","$1,500 - $1,749","7172","5.6951","EN",
"230","Regional TAS","$1,750 - $1,999","6653","5.2830","EN",
"230","Regional TAS","$2,000 - $2,499","12096","9.6052","EN",
"230","Regional TAS","$2,500 - $2,999 ","7206","5.7221","EN",
"230","Regional TAS","$3,000 - $3,499","5196","4.1260","EN",
"230","Regional TAS","$3,500 - $3,999","2812","2.2330","EN",
"230","Regional TAS","$4,000 - $4,499","1363","1.0823","EN",
"230","Regional TAS","$4,500 - $4,999","2182","1.7327","EN",
"230","Regional TAS","$5,000 - $5,999","1251","0.9934","EN",
"230","Regional TAS","$6,000 - $7,999","794","0.6305","EN",
"230","Regional TAS","$8,000 or more","487","0.3867","EN",
"230","Regional TAS","Not stated","9603","7.6255","EN",
"230","Regional TAS","Total households","125932","100.0000","EN",
"240","Regional NT","Neg/Nil Income","403","1.3407","EN",
"240","Regional NT","$1 - $149","319","1.0612","EN",
"240","Regional NT","$150 - $299","641","2.1324","EN",
"240","Regional NT","$300 - $399","592","1.9694","EN",
"240","Regional NT","$400 - $499","1345","4.4744","EN",
"240","Regional NT","$500 - $649","904","3.0073","EN",
"240","Regional NT","$650 - $799","1571","5.2262","EN",
"240","Regional NT","$800 - $999","1741","5.7917","EN",
"240","Regional NT","$1,000 - $1,249","2176","7.2389","EN",
"240","Regional NT","$1,250 - $1,499","2196","7.3054","EN",
"240","Regional NT","$1,500 - $1,749","1759","5.8516","EN",
"240","Regional NT","$1,750 - $1,999","1643","5.4657","EN",
"240","Regional NT","$2,000 - $2,499","3341","11.1144","EN",
"240","Regional NT","$2,500 - $2,999 ","1897","6.3107","EN",
"240","Regional NT","$3,000 - $3,499","1830","6.0878","EN",
"240","Regional NT","$3,500 - $3,999","1065","3.5429","EN",
"240","Regional NT","$4,000 - $4,499","537","1.7864","EN",
"240","Regional NT","$4,500 - $4,999","1057","3.5163","EN",
"240","Regional NT","$5,000 - $5,999","561","1.8663","EN",
"240","Regional NT","$6,000 - $7,999","486","1.6168","EN",
"240","Regional NT","$8,000 or more","168","0.5589","EN",
"240","Regional NT","Not stated","3828","12.7345","EN",
"240","Regional NT","Total households","30060","100.0000","EN",
"245","Regional Australia","Neg/Nil Income","54594","1.6870","EN",
"245","Regional Australia","$1 - $149","23576","0.7285","EN",
"245","Regional Australia","$150 - $299","44730","1.3822","EN",
"245","Regional Australia","$300 - $399","82505","2.5494","EN",
"245","Regional Australia","$400 - $499","226629","7.0029","EN",
"245","Regional Australia","$500 - $649","161647","4.9949","EN",
"245","Regional Australia","$650 - $799","234546","7.2475","EN",
"245","Regional Australia","$800 - $999","228013","7.0457","EN",
"245","Regional Australia","$1,000 - $1,249","248058","7.6651","EN",
"245","Regional Australia","$1,250 - $1,499","245690","7.5919","EN",
"245","Regional Australia","$1,500 - $1,749","178195","5.5063","EN",
"245","Regional Australia","$1,750 - $1,999","175154","5.4123","EN",
"245","Regional Australia","$2,000 - $2,499","338299","10.4535","EN",
"245","Regional Australia","$2,500 - $2,999 ","209149","6.4628","EN",
"245","Regional Australia","$3,000 - $3,499","169770","5.2459","EN",
"245","Regional Australia","$3,500 - $3,999","97651","3.0174","EN",
"245","Regional Australia","$4,000 - $4,499","51249","1.5836","EN",
"245","Regional Australia","$4,500 - $4,999","87894","2.7159","EN",
"245","Regional Australia","$5,000 - $5,999","54418","1.6815","EN",
"245","Regional Australia","$6,000 - $7,999","39334","1.2154","EN",
"245","Regional Australia","$8,000 or more","17740","0.5482","EN",
"245","Regional Australia","Not stated","267377","8.2620","EN",
"245","Regional Australia","Total households","3236218","100.0000","EN",
"250","Greater Sydney","Neg/Nil Income","38997","2.1180","EN",
"250","Greater Sydney","$1 - $149","11260","0.6116","EN",
"250","Greater Sydney","$150 - $299","20286","1.1018","EN",
"250","Greater Sydney","$300 - $399","36583","1.9869","EN",
"250","Greater Sydney","$400 - $499","79364","4.3105","EN",
"250","Greater Sydney","$500 - $649","58445","3.1743","EN",
"250","Greater Sydney","$650 - $799","85119","4.6230","EN",
"250","Greater Sydney","$800 - $999","88705","4.8178","EN",
"250","Greater Sydney","$1,000 - $1,249","109110","5.9260","EN",
"250","Greater Sydney","$1,250 - $1,499","116123","6.3069","EN",
"250","Greater Sydney","$1,500 - $1,749","96051","5.2168","EN",
"250","Greater Sydney","$1,750 - $1,999","95792","5.2027","EN",
"250","Greater Sydney","$2,000 - $2,499","210732","11.4454","EN",
"250","Greater Sydney","$2,500 - $2,999 ","133053","7.2264","EN",
"250","Greater Sydney","$3,000 - $3,499","129015","7.0071","EN",
"250","Greater Sydney","$3,500 - $3,999","85198","4.6273","EN",
"250","Greater Sydney","$4,000 - $4,499","51942","2.8211","EN",
"250","Greater Sydney","$4,500 - $4,999","105406","5.7249","EN",
"250","Greater Sydney","$5,000 - $5,999","75660","4.1093","EN",
"250","Greater Sydney","$6,000 - $7,999","76652","4.1632","EN",
"250","Greater Sydney","$8,000 or more","30443","1.6534","EN",
"250","Greater Sydney","Not stated","107261","5.8256","EN",
"250","Greater Sydney","Total households","1841197","100.0000","EN",
"260","Greater Melbourne","Neg/Nil Income","39055","2.1759","EN",
"260","Greater Melbourne","$1 - $149","12236","0.6817","EN",
"260","Greater Melbourne","$150 - $299","21165","1.1792","EN",
"260","Greater Melbourne","$300 - $399","35031","1.9517","EN",
"260","Greater Melbourne","$400 - $499","82750","4.6103","EN",
"260","Greater Melbourne","$500 - $649","61591","3.4315","EN",
"260","Greater Melbourne","$650 - $799","89525","4.9878","EN",
"260","Greater Melbourne","$800 - $999","96535","5.3783","EN",
"260","Greater Melbourne","$1,000 - $1,249","117255","6.5327","EN",
"260","Greater Melbourne","$1,250 - $1,499","125004","6.9645","EN",
"260","Greater Melbourne","$1,500 - $1,749","103864","5.7867","EN",
"260","Greater Melbourne","$1,750 - $1,999","100535","5.6012","EN",
"260","Greater Melbourne","$2,000 - $2,499","212400","11.8336","EN",
"260","Greater Melbourne","$2,500 - $2,999 ","136146","7.5852","EN",
"260","Greater Melbourne","$3,000 - $3,499","122297","6.8136","EN",
"260","Greater Melbourne","$3,500 - $3,999","77269","4.3050","EN",
"260","Greater Melbourne","$4,000 - $4,499","43957","2.4490","EN",
"260","Greater Melbourne","$4,500 - $4,999","82485","4.5956","EN",
"260","Greater Melbourne","$5,000 - $5,999","58161","3.2404","EN",
"260","Greater Melbourne","$6,000 - $7,999","51779","2.8848","EN",
"260","Greater Melbourne","$8,000 or more","18701","1.0419","EN",
"260","Greater Melbourne","Not stated","107142","5.9693","EN",
"260","Greater Melbourne","Total households","1794883","100.0000","EN",
"270","Greater Brisbane","Neg/Nil Income","14134","1.5379","EN",
"270","Greater Brisbane","$1 - $149","5101","0.5550","EN",
"270","Greater Brisbane","$150 - $299","9440","1.0272","EN",
"270","Greater Brisbane","$300 - $399","17229","1.8747","EN",
"270","Greater Brisbane","$400 - $499","42639","4.6395","EN",
"270","Greater Brisbane","$500 - $649","36073","3.9251","EN",
"270","Greater Brisbane","$650 - $799","48657","5.2944","EN",
"270","Greater Brisbane","$800 - $999","53092","5.7769","EN",
"270","Greater Brisbane","$1,000 - $1,249","63418","6.9005","EN",
"270","Greater Brisbane","$1,250 - $1,499","66286","7.2126","EN",
"270","Greater Brisbane","$1,500 - $1,749","53514","5.8229","EN",
"270","Greater Brisbane","$1,750 - $1,999","52065","5.6652","EN",
"270","Greater Brisbane","$2,000 - $2,499","109381","11.9017","EN",
"270","Greater Brisbane","$2,500 - $2,999 ","70166","7.6348","EN",
"270","Greater Brisbane","$3,000 - $3,499","60957","6.6327","EN",
"270","Greater Brisbane","$3,500 - $3,999","39174","4.2625","EN",
"270","Greater Brisbane","$4,000 - $4,499","21981","2.3918","EN",
"270","Greater Brisbane","$4,500 - $4,999","38138","4.1498","EN",
"270","Greater Brisbane","$5,000 - $5,999","26955","2.9330","EN",
"270","Greater Brisbane","$6,000 - $7,999","22588","2.4578","EN",
"270","Greater Brisbane","$8,000 or more","7782","0.8468","EN",
"270","Greater Brisbane","Not stated","60264","6.5573","EN",
"270","Greater Brisbane","Total households","919034","100.0000","EN",
"280","Greater Adelaide","Neg/Nil Income","8088","1.4974","EN",
"280","Greater Adelaide","$1 - $149","3331","0.6167","EN",
"280","Greater Adelaide","$150 - $299","7351","1.3610","EN",
"280","Greater Adelaide","$300 - $399","13716","2.5394","EN",
"280","Greater Adelaide","$400 - $499","34834","6.4492","EN",
"280","Greater Adelaide","$500 - $649","25675","4.7535","EN",
"280","Greater Adelaide","$650 - $799","34188","6.3296","EN",
"280","Greater Adelaide","$800 - $999","36674","6.7899","EN",
"280","Greater Adelaide","$1,000 - $1,249","41819","7.7424","EN",
"280","Greater Adelaide","$1,250 - $1,499","41730","7.7259","EN",
"280","Greater Adelaide","$1,500 - $1,749","31745","5.8773","EN",
"280","Greater Adelaide","$1,750 - $1,999","30097","5.5722","EN",
"280","Greater Adelaide","$2,000 - $2,499","60002","11.1088","EN",
"280","Greater Adelaide","$2,500 - $2,999 ","38814","7.1861","EN",
"280","Greater Adelaide","$3,000 - $3,499","30883","5.7177","EN",
"280","Greater Adelaide","$3,500 - $3,999","18745","3.4705","EN",
"280","Greater Adelaide","$4,000 - $4,499","10139","1.8771","EN",
"280","Greater Adelaide","$4,500 - $4,999","15694","2.9056","EN",
"280","Greater Adelaide","$5,000 - $5,999","10914","2.0206","EN",
"280","Greater Adelaide","$6,000 - $7,999","8605","1.5931","EN",
"280","Greater Adelaide","$8,000 or more","3168","0.5865","EN",
"280","Greater Adelaide","Not stated","33916","6.2793","EN",
"280","Greater Adelaide","Total households","540128","100.0000","EN",
"290","Greater Perth","Neg/Nil Income","12927","1.6438","EN",
"290","Greater Perth","$1 - $149","4824","0.6134","EN",
"290","Greater Perth","$150 - $299","9577","1.2178","EN",
"290","Greater Perth","$300 - $399","16627","2.1143","EN",
"290","Greater Perth","$400 - $499","39075","4.9689","EN",
"290","Greater Perth","$500 - $649","30180","3.8378","EN",
"290","Greater Perth","$650 - $799","39945","5.0795","EN",
"290","Greater Perth","$800 - $999","41603","5.2904","EN",
"290","Greater Perth","$1,000 - $1,249","50035","6.3626","EN",
"290","Greater Perth","$1,250 - $1,499","51586","6.5598","EN",
"290","Greater Perth","$1,500 - $1,749","42665","5.4254","EN",
"290","Greater Perth","$1,750 - $1,999","41385","5.2627","EN",
"290","Greater Perth","$2,000 - $2,499","88050","11.1967","EN",
"290","Greater Perth","$2,500 - $2,999 ","56021","7.1238","EN",
"290","Greater Perth","$3,000 - $3,499","52569","6.6849","EN",
"290","Greater Perth","$3,500 - $3,999","31967","4.0650","EN",
"290","Greater Perth","$4,000 - $4,499","17575","2.2349","EN",
"290","Greater Perth","$4,500 - $4,999","36181","4.6009","EN",
"290","Greater Perth","$5,000 - $5,999","25174","3.2012","EN",
"290","Greater Perth","$6,000 - $7,999","19629","2.4961","EN",
"290","Greater Perth","$8,000 or more","6824","0.8678","EN",
"290","Greater Perth","Not stated","71971","9.1521","EN",
"290","Greater Perth","Total households","786390","100.0000","EN",
"300","Greater Hobart","Neg/Nil Income","1209","1.2580","EN",
"300","Greater Hobart","$1 - $149","488","0.5078","EN",
"300","Greater Hobart","$150 - $299","1174","1.2216","EN",
"300","Greater Hobart","$300 - $399","2243","2.3339","EN",
"300","Greater Hobart","$400 - $499","6430","6.6907","EN",
"300","Greater Hobart","$500 - $649","4743","4.9353","EN",
"300","Greater Hobart","$650 - $799","6113","6.3608","EN",
"300","Greater Hobart","$800 - $999","6388","6.6470","EN",
"300","Greater Hobart","$1,000 - $1,249","7489","7.7926","EN",
"300","Greater Hobart","$1,250 - $1,499","7611","7.9195","EN",
"300","Greater Hobart","$1,500 - $1,749","5897","6.1361","EN",
"300","Greater Hobart","$1,750 - $1,999","5454","5.6751","EN",
"300","Greater Hobart","$2,000 - $2,499","10629","11.0599","EN",
"300","Greater Hobart","$2,500 - $2,999 ","6835","7.1121","EN",
"300","Greater Hobart","$3,000 - $3,499","5400","5.6189","EN",
"300","Greater Hobart","$3,500 - $3,999","3387","3.5243","EN",
"300","Greater Hobart","$4,000 - $4,499","1879","1.9552","EN",
"300","Greater Hobart","$4,500 - $4,999","2700","2.8095","EN",
"300","Greater Hobart","$5,000 - $5,999","1758","1.8293","EN",
"300","Greater Hobart","$6,000 - $7,999","1346","1.4006","EN",
"300","Greater Hobart","$8,000 or more","497","0.5171","EN",
"300","Greater Hobart","Not stated","6434","6.6948","EN",
"300","Greater Hobart","Total households","96104","100.0000","EN",
"310","Greater Darwin","Neg/Nil Income","630","1.2500","EN",
"310","Greater Darwin","$1 - $149","191","0.3790","EN",
"310","Greater Darwin","$150 - $299","453","0.8988","EN",
"310","Greater Darwin","$300 - $399","1002","1.9880","EN",
"310","Greater Darwin","$400 - $499","1563","3.1011","EN",
"310","Greater Darwin","$500 - $649","1194","2.3690","EN",
"310","Greater Darwin","$650 - $799","1676","3.3253","EN",
"310","Greater Darwin","$800 - $999","2030","4.0276","EN",
"310","Greater Darwin","$1,000 - $1,249","2729","5.4145","EN",
"310","Greater Darwin","$1,250 - $1,499","3083","6.1168","EN",
"310","Greater Darwin","$1,500 - $1,749","2753","5.4621","EN",
"310","Greater Darwin","$1,750 - $1,999","2855","5.6645","EN",
"310","Greater Darwin","$2,000 - $2,499","6526","12.9479","EN",
"310","Greater Darwin","$2,500 - $2,999 ","4100","8.1346","EN",
"310","Greater Darwin","$3,000 - $3,499","3836","7.6108","EN",
"310","Greater Darwin","$3,500 - $3,999","2708","5.3728","EN",
"310","Greater Darwin","$4,000 - $4,499","1566","3.1070","EN",
"310","Greater Darwin","$4,500 - $4,999","2519","4.9978","EN",
"310","Greater Darwin","$5,000 - $5,999","1604","3.1824","EN",
"310","Greater Darwin","$6,000 - $7,999","1361","2.7003","EN",
"310","Greater Darwin","$8,000 or more","405","0.8035","EN",
"310","Greater Darwin","Not stated","5618","11.1464","EN",
"310","Greater Darwin","Total households","50402","100.0000","EN",
"320","Greater Capital Cities","$400 - $499","286655","4.7553","EN",
"320","Greater Capital Cities","$500 - $649","217901","3.6147","EN",
"320","Greater Capital Cities","$650 - $799","305223","5.0633","EN",
"320","Greater Capital Cities","$800 - $999","325027","5.3918","EN",
"320","Greater Capital Cities","$1,000 - $1,249","391855","6.5004","EN",
"320","Greater Capital Cities","$1,250 - $1,499","411423","6.8250","EN",
"320","Greater Capital Cities","$1,500 - $1,749","336489","5.5820","EN",
"320","Greater Capital Cities","$1,750 - $1,999","328183","5.4442","EN",
"320","Greater Capital Cities","$2,000 - $2,499","697720","11.5744","EN",
"320","Greater Capital Cities","$2,500 - $2,999 ","445135","7.3843","EN",
"320","Greater Capital Cities","$3,000 - $3,499","404957","6.7178","EN",
"320","Greater Capital Cities","$3,500 - $3,999","258448","4.2874","EN",
"320","Greater Capital Cities","$4,000 - $4,499","149039","2.4724","EN",
"320","Greater Capital Cities","$4,500 - $4,999","283123","4.6967","EN",
"320","Greater Capital Cities","$5,000 - $5,999","200226","3.3215","EN",
"320","Greater Capital Cities","$6,000 - $7,999","181960","3.0185","EN",
"320","Greater Capital Cities","$8,000 or more","67820","1.1251","EN",
"320","Greater Capital Cities","Not stated","392606","6.5129","EN",
"320","Greater Capital Cities","Total households","6028138","100.0000","EN",
"320","Greater Capital Cities","Neg/Nil Income","115040","1.9084","EN",
"320","Greater Capital Cities","$1 - $149","37431","0.6209","EN",
"320","Greater Capital Cities","$150 - $299","69446","1.1520","EN",
"320","Greater Capital Cities","$300 - $399","122431","2.0310","EN",
"330","South East Queensland","Neg/Nil Income","21147","1.6049","EN",
"330","South East Queensland","$1 - $149","7780","0.5904","EN",
"330","South East Queensland","$150 - $299","13677","1.0380","EN",
"330","South East Queensland","$300 - $399","24998","1.8971","EN",
"330","South East Queensland","$400 - $499","63649","4.8303","EN",
"330","South East Queensland","$500 - $649","53727","4.0774","EN",
"330","South East Queensland","$650 - $799","73277","5.5610","EN",
"330","South East Queensland","$800 - $999","78766","5.9776","EN",
"330","South East Queensland","$1,000 - $1,249","93106","7.0658","EN",
"330","South East Queensland","$1,250 - $1,499","97310","7.3849","EN",
"330","South East Queensland","$1,500 - $1,749","76300","5.7904","EN",
"330","South East Queensland","$1,750 - $1,999","75038","5.6947","EN",
"330","South East Queensland","$2,000 - $2,499","154997","11.7628","EN",
"330","South East Queensland","$2,500 - $2,999 ","99486","7.5500","EN",
"330","South East Queensland","$3,000 - $3,499","84481","6.4113","EN",
"330","South East Queensland","$3,500 - $3,999","53090","4.0290","EN",
"330","South East Queensland","$4,000 - $4,499","29666","2.2514","EN",
"330","South East Queensland","$4,500 - $4,999","51297","3.8929","EN",
"330","South East Queensland","$5,000 - $5,999","35724","2.7111","EN",
"330","South East Queensland","$6,000 - $7,999","28967","2.1983","EN",
"330","South East Queensland","$8,000 or more","10559","0.8013","EN",
"330","South East Queensland","Not stated","90650","6.8795","EN",
"330","South East Queensland","Total households","1317692","100.0000","EN",
                                                                                                                                                                                                                                                                                                                                                                                                                                                                                                                                                                                                                                                                                                                                                                                                                                                                                                                                                                                                                                                                                                                                                                                                                                                                                                                                                                                                                                                                                                                                                                                                                                                                                                                                                                                                                                                                                                                                                                                                                                                                                                                                                                                                                                                                                                                                                                                                                                                                                                                                                                                                                                                                                                                                                                                                                                                                                                                                                                                                                                                                                                                                                                                                                                                                                                                                                                                                                                                                                                                                                                                                                                                                                                                                                                                                                                                                                                                                                                                                                                                                                                                                                                                                                                                                                                                                                                                                                                                                                                                                                                                                                                                                                                                                                                                                                                                                                                                                                                                                                                                                                                                                                                                                                                                                                                                                                                                                                                                                                                                                                                                                                                                                                                                                                                                                                                                                                                                                                                                                                                                                                                                                                                                                                                                                                                                                                                                                                                                                                                                                                                                                                                                                                                                                                                                                                                                                                                                                                                                                                                                                                                                                                                                                                                                                                                                                                                                                                                                                                                                                                                                                                                                                                                                                                                                                                                                                                                                                                                                                                                                                                                                                                                                                                                                                                                                                                                                                                                                                                                                                                                                                                                                                                                                                                                                                                                                                                                                                                                                                                                                                                                                                                                                                                                                                                                                                                                                                                                                                                                                                                                                                                                                                                                                                                                                                                                                                                                                                                                                                                                                                                                                                                                                                                                                                                                                                                                                                                                                                                                                                                                                                                                                                                                                                                                                                                                                                                                                                                                                                                                                                                                                                                                                                                                                                                                                                                                                                                                                                                                                                              